timestamp,open,high,low,close,volume
2024-09-09 04:00:00,55115.0,55150.0,54849.64,54849.65,1034.90046
2024-09-09 05:00:00,54849.65,54935.39,54591.96,54668.0,745.99128
2024-09-09 06:00:00,54668.0,54971.1,54644.01,54898.0,593.88858
2024-09-09 07:00:00,54898.0,55010.87,54730.0,54974.01,716.38164
2024-09-09 08:00:00,54974.01,55341.78,54960.0,55244.0,1100.18154
2024-09-09 09:00:00,55244.0,55555.0,55102.0,55152.0,988.10681
2024-09-09 10:00:00,55152.0,55457.51,55100.0,55364.0,816.93047
2024-09-09 11:00:00,55364.0,55386.0,55159.91,55264.87,523.95744
2024-09-09 12:00:00,55264.87,55356.0,54965.71,55341.1,801.65503
2024-09-09 13:00:00,55341.1,55799.0,55252.0,55686.92,1851.55425
2024-09-09 14:00:00,55686.93,55750.0,54804.0,54840.01,2380.62272
2024-09-09 15:00:00,54840.0,55470.0,54828.0,55386.0,1508.65033
2024-09-09 16:00:00,55385.99,56525.14,55348.54,56430.11,3509.02955
2024-09-09 17:00:00,56430.11,56775.24,56339.51,56514.0,1860.60515
2024-09-09 18:00:00,56514.0,56650.0,56264.0,56530.0,1814.74824
2024-09-09 19:00:00,56529.99,57177.0,56482.0,57089.54,1869.53558
2024-09-09 20:00:00,57089.53,57128.0,56810.0,57007.98,788.17451
2024-09-09 21:00:00,57007.98,58088.0,57002.93,57454.27,2977.36994
2024-09-09 22:00:00,57454.27,57620.0,57184.32,57216.0,786.5597
2024-09-09 23:00:00,57216.01,57265.13,56998.19,57042.0,816.08288
2024-09-10 00:00:00,57042.01,57065.34,56624.5,56982.01,1449.2909
2024-09-10 01:00:00,56982.01,57050.72,56709.16,56900.0,849.86814
2024-09-10 02:00:00,56900.0,56911.09,56635.8,56775.28,612.49789
2024-09-10 03:00:00,56775.27,56802.0,56522.86,56524.74,677.60914
2024-09-10 04:00:00,56524.74,56739.4,56386.4,56609.99,816.27974
2024-09-10 05:00:00,56610.0,56966.0,56591.1,56945.45,611.35477
2024-09-10 06:00:00,56945.45,56945.45,56771.1,56825.99,466.45247
2024-09-10 07:00:00,56826.0,57290.0,56773.43,57218.57,1075.89816
2024-09-10 08:00:00,57218.56,57378.0,56990.0,57046.99,1189.37056
2024-09-10 09:00:00,57046.99,57273.52,56878.65,57086.01,1085.49639
2024-09-10 10:00:00,57086.01,57184.22,56947.13,57170.0,558.15752
2024-09-10 11:00:00,57170.0,57260.0,57018.0,57228.0,690.71799
2024-09-10 12:00:00,57228.01,57468.98,57162.0,57203.19,870.91615
2024-09-10 13:00:00,57203.2,57204.0,56630.56,56741.09,1992.90587
2024-09-10 14:00:00,56741.1,57165.99,56502.31,56941.09,1919.8283
2024-09-10 15:00:00,56941.09,57210.0,56596.0,56596.0,1353.37693
2024-09-10 16:00:00,56596.01,56945.94,56566.0,56819.6,788.17727
2024-09-10 17:00:00,56819.59,57380.0,56795.05,57175.96,1100.35899
2024-09-10 18:00:00,57175.96,57978.41,57175.96,57581.99,1752.37098
2024-09-10 19:00:00,57581.99,58044.36,57334.01,57952.01,1395.59965
2024-09-10 20:00:00,57952.01,57975.99,57545.02,57567.89,763.18706
2024-09-10 21:00:00,57567.89,57754.0,57455.72,57507.99,537.1853
2024-09-10 22:00:00,57508.0,57677.64,57453.0,57615.85,374.58263
2024-09-10 23:00:00,57615.86,57870.0,57581.05,57635.99,695.29846
2024-09-11 00:00:00,57635.99,57687.71,57438.34,57640.5,455.1012
2024-09-11 01:00:00,57640.51,57750.0,56681.32,56717.99,2058.25846
2024-09-11 02:00:00,56717.99,57180.98,56696.93,56921.1,1296.56648
2024-09-11 03:00:00,56921.11,56971.1,56688.4,56819.55,825.15952
2024-09-11 04:00:00,56819.56,56819.56,56252.0,56530.5,1669.117
2024-09-11 05:00:00,56530.51,56539.99,56100.0,56244.0,925.68105
2024-09-11 06:00:00,56244.0,56578.0,56174.0,56460.0,842.41486
2024-09-11 07:00:00,56460.0,56783.1,56460.0,56712.0,923.92737
2024-09-11 08:00:00,56712.01,56716.13,56325.7,56398.0,771.50692
2024-09-11 09:00:00,56398.01,56741.24,56381.67,56677.99,797.07803
2024-09-11 10:00:00,56678.0,56700.0,56328.26,56510.0,1570.34775
2024-09-11 11:00:00,56510.0,56895.82,56507.39,56797.99,1155.69961
2024-09-11 12:00:00,56798.0,56915.66,56279.42,56748.01,2511.69575
2024-09-11 13:00:00,56748.0,57166.66,55710.7,55740.0,3577.27957
2024-09-11 14:00:00,55740.01,56024.0,55545.19,55974.0,2432.24783
2024-09-11 15:00:00,55974.0,57003.99,55852.0,56701.23,2304.21875
2024-09-11 16:00:00,56701.22,57514.47,56646.0,57312.0,2083.08795
2024-09-11 17:00:00,57311.99,57868.47,57254.0,57694.0,2295.97581
2024-09-11 18:00:00,57694.0,57981.71,57377.5,57500.0,2079.80815
2024-09-11 19:00:00,57499.99,57776.32,57325.38,57585.5,853.90969
2024-09-11 20:00:00,57585.5,57676.83,57438.0,57486.0,457.00677
2024-09-11 21:00:00,57486.01,57558.0,57252.0,57352.0,369.41938
2024-09-11 22:00:00,57352.0,57468.0,57211.1,57467.99,413.3949
2024-09-11 23:00:00,57468.0,57508.0,57310.97,57338.0,357.66477
2024-09-12 00:00:00,57338.0,57907.9,57324.0,57626.01,1283.19916
2024-09-12 01:00:00,57626.01,58275.0,57597.8,58137.74,1210.69319
2024-09-12 02:00:00,58137.74,58470.01,57827.61,57946.28,1728.57135
2024-09-12 03:00:00,57946.29,58335.53,57946.28,58232.72,702.63656
2024-09-12 04:00:00,58232.73,58430.56,58160.0,58181.98,777.70022
2024-09-12 05:00:00,58181.99,58181.99,57909.92,57968.01,1279.37595
2024-09-12 06:00:00,57968.01,58100.11,57836.28,57947.99,1070.22732
2024-09-12 07:00:00,57948.0,58148.0,57876.0,58138.16,677.87543
2024-09-12 08:00:00,58138.15,58350.0,58100.0,58171.06,1100.64695
2024-09-12 09:00:00,58171.06,58250.0,57980.0,58022.0,578.59489
2024-09-12 10:00:00,58022.0,58098.0,57929.07,57930.41,804.75125
2024-09-12 11:00:00,57930.41,58146.17,57894.0,58057.99,919.41988
2024-09-12 12:00:00,58058.0,58162.11,57583.29,57691.56,1845.08693
2024-09-12 13:00:00,57691.55,57875.99,57345.23,57627.99,2310.27986
2024-09-12 14:00:00,57628.0,58588.0,57541.29,57541.29,3152.10176
2024-09-12 15:00:00,57541.3,57878.77,57408.41,57512.03,1840.14849
2024-09-12 16:00:00,57512.03,58125.0,57494.01,58065.99,894.00799
2024-09-12 17:00:00,58065.99,58410.0,58007.56,58389.1,1014.58403
2024-09-12 18:00:00,58389.11,58450.99,57949.18,58181.99,1519.6656
2024-09-12 19:00:00,58181.99,58442.86,58129.13,58388.0,2503.13125
2024-09-12 20:00:00,58388.0,58388.0,58085.09,58199.99,1796.87711
2024-09-12 21:00:00,58199.99,58385.81,57781.1,57921.11,1313.07343
2024-09-12 22:00:00,57921.1,58260.0,57904.18,58143.34,416.62633
2024-09-12 23:00:00,58143.33,58190.38,58031.0,58132.32,335.13138
2024-09-13 00:00:00,58132.31,58244.0,57999.9,58031.14,460.24187
2024-09-13 01:00:00,58031.14,58290.4,57876.9,58129.99,802.88113
2024-09-13 02:00:00,58129.98,58170.0,57974.0,58050.8,414.94887
2024-09-13 03:00:00,58050.8,58070.0,57798.49,57845.97,671.10826
2024-09-13 04:00:00,57845.97,57985.99,57804.01,57844.0,324.13177
2024-09-13 05:00:00,57844.0,58024.89,57833.97,57946.0,539.69127
2024-09-13 06:00:00,57946.01,57952.0,57742.0,57767.01,553.36201
2024-09-13 07:00:00,57767.0,58137.68,57767.0,58109.31,626.44185
2024-09-13 08:00:00,58109.31,58150.0,57898.56,57953.64,551.14525
2024-09-13 09:00:00,57953.63,58146.84,57924.0,58058.6,555.03453
2024-09-13 10:00:00,58058.6,58350.0,58031.11,58343.99,603.13646
2024-09-13 11:00:00,58343.99,58343.99,57815.0,57871.1,933.49267
2024-09-13 12:00:00,57871.1,57951.1,57632.62,57910.0,1463.01336
2024-09-13 13:00:00,57910.01,58157.12,57686.67,58056.01,1359.25546
2024-09-13 14:00:00,58056.0,58553.01,57833.38,58456.89,2473.04952
2024-09-13 15:00:00,58456.89,59723.97,58362.0,59667.38,4934.87479
2024-09-13 16:00:00,59666.01,59796.7,59312.01,59452.31,2444.84234
2024-09-13 17:00:00,59452.31,59971.17,59444.04,59584.0,1593.31149
2024-09-13 18:00:00,59584.0,59900.0,59478.0,59752.17,1119.0751
2024-09-13 19:00:00,59752.17,59999.0,59652.72,59743.99,1281.66571
2024-09-13 20:00:00,59743.99,59956.0,59633.4,59838.52,643.70741
2024-09-13 21:00:00,59838.52,60358.0,59822.0,60283.86,2104.71656
2024-09-13 22:00:00,60283.85,60625.0,60240.0,60608.0,2041.22233
2024-09-13 23:00:00,60608.0,60623.48,60169.0,60498.0,1330.88332
2024-09-14 00:00:00,60497.99,60610.45,60372.77,60414.39,753.37252
2024-09-14 01:00:00,60414.39,60595.7,60406.06,60406.06,590.92967
2024-09-14 02:00:00,60406.06,60496.0,60285.55,60287.99,465.87729
2024-09-14 03:00:00,60288.0,60431.98,60287.99,60329.37,465.89329
2024-09-14 04:00:00,60329.38,60348.24,60184.86,60213.05,480.76008
2024-09-14 05:00:00,60213.06,60242.47,59900.32,59926.0,1113.74602
2024-09-14 06:00:00,59926.0,60079.36,59900.0,60046.0,484.8791
2024-09-14 07:00:00,60046.01,60174.0,59998.01,60138.14,440.82171
2024-09-14 08:00:00,60138.14,60156.0,59933.94,59973.99,480.77595
2024-09-14 09:00:00,59973.99,60070.21,59858.58,60070.2,651.32309
2024-09-14 10:00:00,60070.2,60070.21,59789.32,59851.09,515.51731
2024-09-14 11:00:00,59851.1,59851.1,59605.98,59706.39,556.27985
2024-09-14 12:00:00,59706.4,59851.27,59626.01,59794.03,405.8924
2024-09-14 13:00:00,59794.03,59794.03,59646.0,59769.11,348.56935
2024-09-14 14:00:00,59769.11,60010.0,59706.0,59914.0,646.73823
2024-09-14 15:00:00,59914.0,59949.11,59828.07,59876.0,303.09513
2024-09-14 16:00:00,59875.99,59982.0,59838.22,59981.99,298.03992
2024-09-14 17:00:00,59982.0,59983.39,59854.32,59885.26,222.91264
2024-09-14 18:00:00,59885.26,59897.79,59400.0,59786.0,1444.64627
2024-09-14 19:00:00,59786.01,59903.56,59735.16,59810.0,168.39931
2024-09-14 20:00:00,59810.01,60134.13,59774.0,60024.01,575.12177
2024-09-14 21:00:00,60024.02,60056.71,59950.21,60036.0,259.37223
2024-09-14 22:00:00,60036.01,60125.0,59940.0,60006.97,279.1657
2024-09-14 23:00:00,60006.97,60050.0,59936.91,59993.03,185.78018
2024-09-15 00:00:00,59993.02,60119.42,59986.01,60025.95,194.47345
2024-09-15 01:00:00,60025.95,60280.06,60025.95,60235.22,503.55364
2024-09-15 02:00:00,60235.22,60267.86,60116.0,60238.01,363.736
2024-09-15 03:00:00,60238.01,60238.57,60134.0,60155.93,174.35633
2024-09-15 04:00:00,60155.93,60216.0,60032.9,60117.99,443.84071
2024-09-15 05:00:00,60118.0,60214.89,60117.99,60160.0,199.50456
2024-09-15 06:00:00,60160.0,60183.02,60144.17,60164.01,164.76842
2024-09-15 07:00:00,60164.01,60214.34,60129.93,60196.0,213.48898
2024-09-15 08:00:00,60195.99,60204.0,60044.0,60069.99,270.79467
2024-09-15 09:00:00,60069.99,60105.74,60009.96,60016.0,215.67193
2024-09-15 10:00:00,60016.01,60042.0,59880.0,59991.3,349.39558
2024-09-15 11:00:00,59991.31,60034.0,59894.0,60000.51,327.68379
2024-09-15 12:00:00,60000.51,60118.0,59949.99,60104.39,326.54419
2024-09-15 13:00:00,60104.39,60350.98,60085.62,60189.98,716.18863
2024-09-15 14:00:00,60189.99,60280.0,59871.0,60279.52,542.27478
2024-09-15 15:00:00,60279.51,60395.8,60170.75,60335.41,527.8042
2024-09-15 16:00:00,60335.41,60352.65,59934.54,59950.05,949.54284
2024-09-15 17:00:00,59950.05,60042.63,59707.08,59814.07,965.11031
2024-09-15 18:00:00,59814.07,60181.8,59746.0,59971.09,854.93726
2024-09-15 19:00:00,59971.09,60140.0,59812.0,59878.22,476.15894
2024-09-15 20:00:00,59878.23,59939.1,59691.1,59795.99,498.98533
2024-09-15 21:00:00,59796.0,59797.15,59479.06,59651.69,751.06314
2024-09-15 22:00:00,59651.7,59670.15,59392.0,59430.31,654.83091
2024-09-15 23:00:00,59430.3,59456.0,58691.05,59132.0,3073.21502
2024-09-16 00:00:00,59132.0,59210.7,58606.3,58666.36,1563.34944
2024-09-16 01:00:00,58666.36,58798.0,58420.0,58607.07,1323.60665
2024-09-16 02:00:00,58607.07,58670.62,58112.0,58263.99,1538.51475
2024-09-16 03:00:00,58263.99,58606.0,58218.0,58575.09,945.36776
2024-09-16 04:00:00,58575.09,58592.0,58312.54,58352.0,895.94436
2024-09-16 05:00:00,58351.99,58670.01,58343.7,58670.0,966.19076
2024-09-16 06:00:00,58670.0,58863.86,58628.0,58707.43,937.81199
2024-09-16 07:00:00,58707.43,58970.0,58668.89,58911.1,633.503
2024-09-16 08:00:00,58911.1,59179.35,58854.86,58924.98,833.50487
2024-09-16 09:00:00,58924.98,59032.2,58579.27,58636.54,1072.98491
2024-09-16 10:00:00,58636.54,58750.0,58506.0,58749.99,681.17224
2024-09-16 11:00:00,58749.99,58835.84,58652.0,58663.99,682.69309
2024-09-16 12:00:00,58664.0,58789.93,58419.91,58527.99,802.53453
2024-09-16 13:00:00,58527.99,58610.1,58021.0,58497.1,2094.22366
2024-09-16 14:00:00,58497.11,58560.44,57555.0,57604.0,2696.19159
2024-09-16 15:00:00,57604.0,58000.0,57553.38,57881.69,1357.3317
2024-09-16 16:00:00,57881.7,57951.86,57676.93,57809.98,1124.4357
2024-09-16 17:00:00,57809.98,58263.84,57493.3,58176.01,1913.78305
2024-09-16 18:00:00,58176.0,58192.0,57701.56,57896.0,1221.41424
2024-09-16 19:00:00,57896.0,58030.0,57797.56,57943.99,668.26015
2024-09-16 20:00:00,57943.99,58172.5,57642.0,57687.99,741.16452
2024-09-16 21:00:00,57688.0,57995.5,57608.0,57995.5,834.6081
2024-09-16 22:00:00,57995.5,58037.62,57842.0,57970.01,360.27336
2024-09-16 23:00:00,57970.01,58410.0,57970.01,58213.99,588.69978
2024-09-17 00:00:00,58213.99,58343.99,57610.01,57630.01,875.34452
2024-09-17 01:00:00,57630.01,57960.0,57622.0,57896.0,525.18524
2024-09-17 02:00:00,57896.0,58211.1,57837.17,58115.52,590.35788
2024-09-17 03:00:00,58115.53,58148.84,58011.1,58060.0,408.80369
2024-09-17 04:00:00,58060.0,58350.03,58028.0,58246.01,584.36182
2024-09-17 05:00:00,58246.0,58779.08,58232.87,58642.76,613.92189
2024-09-17 06:00:00,58642.62,58670.0,58450.0,58488.0,412.51616
2024-09-17 07:00:00,58488.0,58711.1,58452.78,58695.39,790.90366
2024-09-17 08:00:00,58695.39,58863.0,58636.36,58792.0,734.10993
2024-09-17 09:00:00,58792.0,59079.99,58702.01,58966.48,818.33697
2024-09-17 10:00:00,58966.47,59275.0,58898.37,59236.0,1000.86967
2024-09-17 11:00:00,59235.99,59300.0,59032.66,59080.99,849.73416
2024-09-17 12:00:00,59080.99,59445.76,59044.06,59381.1,1419.68743
2024-09-17 13:00:00,59381.1,59416.0,58872.02,58966.0,1805.65841
2024-09-17 14:00:00,58966.0,60406.18,58940.0,60265.17,5356.27751
2024-09-17 15:00:00,60265.99,61320.0,60220.9,61135.5,5936.88721
2024-09-17 16:00:00,61135.49,61261.0,60725.11,60873.86,2324.36181
2024-09-17 17:00:00,60873.86,60999.0,60686.36,60958.37,1409.46651
2024-09-17 18:00:00,60958.37,61075.39,60363.81,60540.17,1305.76779
2024-09-17 19:00:00,60540.17,60696.48,59618.26,59967.99,2112.0532
2024-09-17 20:00:00,59967.98,60342.85,59715.42,60120.0,1665.06151
2024-09-17 21:00:00,60119.99,60424.25,60105.01,60334.07,662.68788
2024-09-17 22:00:00,60334.07,60343.99,60122.5,60240.01,424.37655
2024-09-17 23:00:00,60240.01,60324.0,60005.31,60313.99,489.52738
2024-09-18 00:00:00,60313.99,60334.0,59854.6,60240.0,1066.3613
2024-09-18 01:00:00,60240.01,60330.05,59988.41,60114.0,650.41247
2024-09-18 02:00:00,60114.0,60361.0,60073.09,60352.0,455.14795
2024-09-18 03:00:00,60352.0,60769.0,60348.51,60509.99,1819.91935
2024-09-18 04:00:00,60510.0,60689.62,60318.0,60429.99,604.50439
2024-09-18 05:00:00,60429.99,60429.99,60199.68,60241.07,421.02101
2024-09-18 06:00:00,60241.07,60488.96,60204.0,60453.99,379.01087
2024-09-18 07:00:00,60453.99,60541.65,60334.0,60428.01,428.7848
2024-09-18 08:00:00,60428.01,60428.01,60086.54,60198.05,630.96889
2024-09-18 09:00:00,60198.05,60198.06,59654.77,59654.77,1334.23239
2024-09-18 10:00:00,59654.76,59924.0,59348.88,59907.49,2111.03734
2024-09-18 11:00:00,59907.5,60000.0,59821.81,59846.0,451.89241
2024-09-18 12:00:00,59846.0,60000.0,59689.57,59978.24,829.14742
2024-09-18 13:00:00,59978.24,60160.0,59308.61,59508.5,1920.77662
2024-09-18 14:00:00,59508.5,59776.0,59340.0,59487.6,1376.1409
2024-09-18 15:00:00,59487.61,59757.06,59320.0,59429.18,991.84446
2024-09-18 16:00:00,59429.19,59954.0,59174.8,59915.26,1247.00154
2024-09-18 17:00:00,59915.26,60247.69,59485.45,60013.01,1472.53323
2024-09-18 18:00:00,60013.02,61318.6,59759.84,60629.79,8768.74537
2024-09-18 19:00:00,60629.79,60745.99,59987.25,60057.99,3156.74947
2024-09-18 20:00:00,60057.99,60320.0,59473.68,60230.01,2083.48272
2024-09-18 21:00:00,60230.01,60496.95,60168.04,60199.46,808.6144
2024-09-18 22:00:00,60199.46,60700.0,60194.0,60684.78,732.26197
2024-09-18 23:00:00,60684.78,61786.24,60680.0,61759.99,2346.43342
2024-09-19 00:00:00,61759.98,62589.52,61704.02,62226.0,4317.11457
2024-09-19 01:00:00,62226.0,62316.0,61555.0,62005.99,1884.00728
2024-09-19 02:00:00,62006.0,62329.0,61799.9,62204.32,1425.98063
2024-09-19 03:00:00,62204.32,62278.0,61998.29,62117.99,717.19002
2024-09-19 04:00:00,62117.98,62150.0,61892.1,62082.0,600.47755
2024-09-19 05:00:00,62082.0,62179.99,61902.0,61990.42,730.33282
2024-09-19 06:00:00,61990.42,62124.0,61814.0,62020.6,758.55786
2024-09-19 07:00:00,62020.6,62176.21,61923.45,62093.99,1270.87999
2024-09-19 08:00:00,62094.0,62197.39,61888.18,61932.0,668.50319
2024-09-19 09:00:00,61932.01,62349.0,61892.0,62272.01,905.48226
2024-09-19 10:00:00,62272.01,62727.52,62272.0,62320.01,1169.11847
2024-09-19 11:00:00,62320.0,62708.0,62242.0,62645.44,942.55837
2024-09-19 12:00:00,62645.44,63200.0,62582.14,62924.07,3495.58417
2024-09-19 13:00:00,62924.06,63370.5,62690.0,63035.98,2426.97861
2024-09-19 14:00:00,63035.98,63500.84,62888.0,62935.83,2941.04278
2024-09-19 15:00:00,62935.84,63355.0,62810.68,63154.04,1302.93609
2024-09-19 16:00:00,63154.03,63675.97,62940.0,63556.92,1836.99145
2024-09-19 17:00:00,63556.92,63850.0,63279.35,63709.22,2038.38188
2024-09-19 18:00:00,63709.22,63776.99,63490.0,63628.0,1122.13495
2024-09-19 19:00:00,63628.01,63639.69,63149.44,63251.99,1057.33622
2024-09-19 20:00:00,63251.99,63254.14,62961.2,63016.74,664.18566
2024-09-19 21:00:00,63016.75,63168.75,62879.76,62879.76,655.95987
2024-09-19 22:00:00,62879.76,63086.01,62650.0,62940.01,1048.49106
2024-09-19 23:00:00,62940.01,63070.0,62900.01,62947.99,352.30033
2024-09-20 00:00:00,62948.0,63010.0,62663.72,62756.4,804.40766
2024-09-20 01:00:00,62756.39,63184.54,62606.0,63037.99,1034.87387
2024-09-20 02:00:00,63037.99,63125.01,62819.85,63125.01,602.69311
2024-09-20 03:00:00,63125.01,63750.0,63086.95,63742.16,1179.84226
2024-09-20 04:00:00,63742.15,64133.32,63670.3,63843.81,2897.89215
2024-09-20 05:00:00,63843.81,64033.99,63608.81,63809.99,1264.42506
2024-09-20 06:00:00,63810.0,63925.32,63636.0,63795.33,977.43992
2024-09-20 07:00:00,63795.34,63795.34,63390.32,63524.8,1498.59593
2024-09-20 08:00:00,63524.81,63530.0,63090.43,63298.91,1303.94156
2024-09-20 09:00:00,63298.91,63554.99,63264.01,63468.0,760.64387
2024-09-20 10:00:00,63468.0,63677.99,63350.93,63664.0,642.71135
2024-09-20 11:00:00,63664.01,63700.0,63344.0,63440.0,1036.45468
2024-09-20 12:00:00,63440.01,63544.37,63332.89,63417.45,666.52531
2024-09-20 13:00:00,63417.45,63450.0,62676.9,62836.46,2118.7056
2024-09-20 14:00:00,62836.46,63506.0,62553.9,63037.53,2317.76296
2024-09-20 15:00:00,63037.53,63359.99,62703.0,63153.99,1486.93407
2024-09-20 16:00:00,63153.99,63282.0,62810.46,62872.5,801.73168
2024-09-20 17:00:00,62872.51,62987.5,62622.01,62704.0,810.02438
2024-09-20 18:00:00,62704.01,62979.07,62350.0,62865.45,1069.46021
2024-09-20 19:00:00,62865.45,63030.01,62786.8,62809.13,712.37874
2024-09-20 20:00:00,62809.13,62947.72,62709.3,62814.0,285.66812
2024-09-20 21:00:00,62814.0,63300.0,62809.68,63116.03,678.44567
2024-09-20 22:00:00,63116.04,63273.21,63116.03,63180.24,257.08609
2024-09-20 23:00:00,63180.23,63212.0,63072.0,63201.05,257.73369
2024-09-21 00:00:00,63201.05,63310.37,63040.0,63174.0,584.51455
2024-09-21 01:00:00,63174.01,63200.0,62832.6,62836.98,596.02587
2024-09-21 02:00:00,62836.98,62991.89,62816.47,62917.11,259.34123
2024-09-21 03:00:00,62917.11,63000.0,62876.0,62889.57,201.10799
2024-09-21 04:00:00,62889.58,62930.0,62820.0,62860.0,313.1493
2024-09-21 05:00:00,62860.01,62946.0,62758.0,62908.82,295.4508
2024-09-21 06:00:00,62908.82,63091.69,62890.0,62999.98,299.2095
2024-09-21 07:00:00,62999.99,63134.0,62974.0,63091.02,302.17384
2024-09-21 08:00:00,63091.02,63120.0,63000.0,63028.0,364.87888
2024-09-21 09:00:00,63028.01,63136.0,63003.84,63115.99,247.34877
2024-09-21 10:00:00,63116.0,63118.98,62966.01,62979.05,146.85522
2024-09-21 11:00:00,62979.06,63105.01,62972.0,63089.77,276.03518
2024-09-21 12:00:00,63089.76,63160.0,63040.0,63151.98,263.41202
2024-09-21 13:00:00,63151.98,63225.0,63036.92,63188.0,445.94814
2024-09-21 14:00:00,63188.0,63300.0,63138.54,63300.0,389.66677
2024-09-21 15:00:00,63300.0,63306.0,63061.97,63167.98,504.25226
2024-09-21 16:00:00,63167.98,63232.0,63086.0,63215.13,838.78946
2024-09-21 17:00:00,63215.13,63400.0,63176.41,63279.99,490.00964
2024-09-21 18:00:00,63279.99,63302.99,63233.69,63267.99,148.10356
2024-09-21 19:00:00,63267.99,63340.0,63170.0,63203.59,310.78687
2024-09-21 20:00:00,63203.59,63215.97,63132.3,63139.99,125.55715
2024-09-21 21:00:00,63139.99,63150.0,63059.0,63088.0,192.22962
2024-09-21 22:00:00,63087.99,63233.99,63058.0,63230.32,136.09922
2024-09-21 23:00:00,63230.32,63559.9,63153.23,63348.96,644.40024
2024-09-22 00:00:00,63348.97,63450.0,63110.0,63230.93,586.79372
2024-09-22 01:00:00,63230.92,63294.0,63018.6,63046.0,300.5781
2024-09-22 02:00:00,63046.01,63103.2,62830.01,62957.31,592.28143
2024-09-22 03:00:00,62957.31,63208.82,62924.0,63106.0,384.08676
2024-09-22 04:00:00,63106.0,63200.0,63077.69,63080.01,133.93924
2024-09-22 05:00:00,63080.01,63083.99,62910.05,62938.51,273.10291
2024-09-22 06:00:00,62938.52,63044.63,62838.0,62876.24,350.09941
2024-09-22 07:00:00,62876.24,62973.99,62876.23,62936.0,210.77851
2024-09-22 08:00:00,62936.0,63034.99,62900.0,63025.35,285.70928
2024-09-22 09:00:00,63025.35,63025.35,62659.96,62702.94,634.37277
2024-09-22 10:00:00,62702.93,62776.75,62544.94,62655.99,454.47776
2024-09-22 11:00:00,62655.99,62842.0,62552.0,62784.0,466.37503
2024-09-22 12:00:00,62784.0,62930.0,62749.53,62781.99,384.72727
2024-09-22 13:00:00,62781.99,62835.67,62566.0,62589.99,661.06999
2024-09-22 14:00:00,62590.0,62711.84,62429.16,62668.0,809.50139
2024-09-22 15:00:00,62668.0,62813.36,62579.2,62652.12,416.04748
2024-09-22 16:00:00,62652.12,62848.0,62468.01,62776.03,679.56957
2024-09-22 17:00:00,62776.03,63134.0,62776.03,63062.66,696.24367
2024-09-22 18:00:00,63062.66,63068.0,62835.2,62955.99,434.96443
2024-09-22 19:00:00,62956.0,63229.5,62806.24,63160.0,451.57112
2024-09-22 20:00:00,63160.0,63315.99,63106.54,63208.0,510.91713
2024-09-22 21:00:00,63208.0,63329.19,62750.22,62779.99,704.12813
2024-09-22 22:00:00,62780.0,64000.0,62357.93,63881.51,2778.17647
2024-09-22 23:00:00,63881.5,63970.0,63424.46,63578.76,1042.68735
2024-09-23 00:00:00,63578.76,63762.7,62538.75,63577.88,2347.48616
2024-09-23 01:00:00,63577.87,63966.0,63486.0,63826.8,1173.05615
2024-09-23 02:00:00,63826.8,63985.0,63675.75,63940.47,554.68165
2024-09-23 03:00:00,63940.47,64745.88,63921.37,64354.0,3065.0955
2024-09-23 04:00:00,64354.0,64455.13,63787.68,63912.3,1086.21332
2024-09-23 05:00:00,63912.31,63937.97,63668.98,63754.0,688.0387
2024-09-23 06:00:00,63754.0,63774.4,63524.36,63671.42,747.95134
2024-09-23 07:00:00,63671.42,63671.42,63400.0,63548.82,921.48581
2024-09-23 08:00:00,63548.83,63630.27,63300.0,63492.01,972.72379
2024-09-23 09:00:00,63492.0,63710.0,63482.76,63635.69,703.26749
2024-09-23 10:00:00,63635.69,63642.17,63415.08,63496.96,671.29195
2024-09-23 11:00:00,63496.96,63550.02,63374.14,63435.04,579.95947
2024-09-23 12:00:00,63435.03,63540.0,63236.98,63315.8,962.19152
2024-09-23 13:00:00,63315.81,63420.0,63059.93,63185.21,1584.03531
2024-09-23 14:00:00,63185.21,63806.0,63059.93,63394.5,1966.64092
2024-09-23 15:00:00,63394.5,63772.3,63099.99,63618.0,1170.27061
2024-09-23 16:00:00,63617.99,63825.96,63200.0,63227.55,1345.42996
2024-09-23 17:00:00,63227.55,63341.67,63098.97,63318.01,490.75963
2024-09-23 18:00:00,63318.01,63559.08,63280.72,63430.19,519.71802
2024-09-23 19:00:00,63430.18,63489.0,63256.0,63298.56,695.98551
2024-09-23 20:00:00,63300.01,63438.0,63260.09,63308.0,292.76607
2024-09-23 21:00:00,63308.0,63489.0,63088.69,63380.0,688.20458
2024-09-23 22:00:00,63380.0,63380.0,63193.39,63219.0,289.8295
2024-09-23 23:00:00,63219.0,63418.87,63186.0,63339.99,560.96991
2024-09-24 00:00:00,63339.99,63401.21,62800.49,62906.0,1501.94449
2024-09-24 01:00:00,62906.01,63270.1,62800.0,62942.01,1090.69881
2024-09-24 02:00:00,62942.0,63160.0,62700.0,63123.99,855.70764
2024-09-24 03:00:00,63124.0,63190.37,62898.3,63124.0,914.02033
2024-09-24 04:00:00,63124.01,63140.0,62900.0,63088.0,660.87421
2024-09-24 05:00:00,63088.0,63226.33,63045.94,63215.99,489.77515
2024-09-24 06:00:00,63216.0,63394.0,63215.99,63305.43,426.7883
2024-09-24 07:00:00,63305.43,63569.99,63300.0,63559.92,717.69816
2024-09-24 08:00:00,63559.93,63948.0,63540.0,63851.05,995.90843
2024-09-24 09:00:00,63851.05,63893.51,63484.0,63524.5,729.48652
2024-09-24 10:00:00,63524.5,63883.0,63504.1,63526.0,618.45246
2024-09-24 11:00:00,63526.01,63600.0,63380.0,63478.34,591.1906
2024-09-24 12:00:00,63478.35,63663.57,63412.0,63446.01,672.15138
2024-09-24 13:00:00,63446.01,63768.0,63402.5,63519.85,932.32278
2024-09-24 14:00:00,63519.86,63551.81,62731.1,63194.89,3165.50264
2024-09-24 15:00:00,63194.89,63370.09,62999.9,63159.99,980.12341
2024-09-24 16:00:00,63159.99,63372.45,63088.02,63262.0,524.87788
2024-09-24 17:00:00,63262.01,64000.0,63241.75,63775.86,1504.89392
2024-09-24 18:00:00,63775.54,63886.0,63540.48,63727.58,804.94922
2024-09-24 19:00:00,63727.58,64375.0,63682.93,64292.34,1316.46046
2024-09-24 20:00:00,64292.35,64596.53,64093.15,64215.01,1610.30279
2024-09-24 21:00:00,64215.02,64285.59,63966.66,64030.0,504.42128
2024-09-24 22:00:00,64030.0,64688.0,64030.0,64579.9,943.6887
2024-09-24 23:00:00,64579.91,64626.0,64249.91,64262.7,632.80803
2024-09-25 00:00:00,64262.7,64444.0,63990.41,64126.93,1049.52455
2024-09-25 01:00:00,64126.94,64817.99,64090.5,64390.01,1312.23012
2024-09-25 02:00:00,64390.0,64564.26,64287.49,64422.52,570.90098
2024-09-25 03:00:00,64422.52,64461.95,64224.37,64460.0,380.98284
2024-09-25 04:00:00,64460.01,64460.23,64172.84,64172.85,403.02902
2024-09-25 05:00:00,64172.84,64274.7,64140.12,64170.63,344.55978
2024-09-25 06:00:00,64170.63,64170.63,63700.0,63806.0,1192.60601
2024-09-25 07:00:00,63806.01,63867.99,63645.49,63843.33,553.53928
2024-09-25 08:00:00,63843.34,63915.07,63743.93,63819.1,403.70624
2024-09-25 09:00:00,63819.09,63873.5,63600.0,63609.89,555.0606
2024-09-25 10:00:00,63609.89,63750.01,63407.7,63630.45,1082.95884
2024-09-25 11:00:00,63630.44,63857.41,63500.02,63838.01,630.03177
2024-09-25 12:00:00,63838.01,63841.02,63600.0,63600.01,423.01315
2024-09-25 13:00:00,63600.01,63766.0,63283.37,63761.34,1255.58143
2024-09-25 14:00:00,63761.33,63946.0,63648.0,63936.5,934.57063
2024-09-25 15:00:00,63936.51,63999.0,63450.01,63495.66,1070.13047
2024-09-25 16:00:00,63495.66,63670.0,63440.0,63463.88,794.37884
2024-09-25 17:00:00,63463.87,63550.0,63000.0,63168.0,1383.14125
2024-09-25 18:00:00,63168.01,63393.86,63128.97,63351.0,639.68674
2024-09-25 19:00:00,63351.0,63468.0,63138.12,63181.5,603.93072
2024-09-25 20:00:00,63181.51,63548.24,63176.0,63505.78,486.38172
2024-09-25 21:00:00,63505.78,63551.81,63410.0,63437.99,312.52177
2024-09-25 22:00:00,63438.0,63508.69,63053.5,63261.99,658.35749
2024-09-25 23:00:00,63262.0,63270.0,62947.08,63152.01,772.28744
2024-09-26 00:00:00,63152.01,63285.85,62829.4,62946.01,814.41306
2024-09-26 01:00:00,62946.01,63154.74,62670.0,63154.74,1333.28534
2024-09-26 02:00:00,63154.73,63400.0,63104.0,63353.99,567.35561
2024-09-26 03:00:00,63353.99,63544.0,63304.54,63514.34,467.78659
2024-09-26 04:00:00,63514.35,63532.15,63340.0,63427.51,302.30459
2024-09-26 05:00:00,63427.51,63724.45,63362.0,63594.0,502.63042
2024-09-26 06:00:00,63593.99,63780.0,63590.23,63721.48,627.19031
2024-09-26 07:00:00,63721.49,63874.41,63661.5,63852.07,546.52894
2024-09-26 08:00:00,63852.07,63892.59,63696.5,63709.5,630.28855
2024-09-26 09:00:00,63709.5,63979.89,63595.67,63798.0,705.50852
2024-09-26 10:00:00,63798.0,64464.0,63766.08,64391.99,1912.0634
2024-09-26 11:00:00,64391.99,64500.0,64295.77,64393.99,1017.66567
2024-09-26 12:00:00,64393.98,64720.0,64321.42,64481.82,1565.84293
2024-09-26 13:00:00,64481.82,64550.78,64150.0,64428.21,1417.17946
2024-09-26 14:00:00,64428.34,65200.0,64374.76,64426.64,4644.1369
2024-09-26 15:00:00,64426.64,65550.0,64319.9,65229.03,3345.42899
2024-09-26 16:00:00,65229.03,65571.25,65104.0,65338.0,1495.21233
2024-09-26 17:00:00,65338.0,65839.0,65122.0,65132.54,1926.78437
2024-09-26 18:00:00,65132.54,65308.0,64950.0,65285.52,950.03994
2024-09-26 19:00:00,65285.53,65298.0,64693.26,64711.06,1049.19142
2024-09-26 20:00:00,64711.07,64869.85,64646.84,64664.26,745.57514
2024-09-26 21:00:00,64664.26,65200.0,64633.52,65052.0,734.41816
2024-09-26 22:00:00,65052.0,65244.0,64967.22,65086.33,517.23281
2024-09-26 23:00:00,65086.32,65174.0,64732.37,65173.99,555.24248
2024-09-27 00:00:00,65173.99,65296.53,64995.47,65241.98,629.16946
2024-09-27 01:00:00,65241.99,65349.65,65014.0,65119.9,563.52583
2024-09-27 02:00:00,65119.91,65200.0,64833.33,64878.12,554.40527
2024-09-27 03:00:00,64878.13,65425.0,64819.9,65366.01,765.05109
2024-09-27 04:00:00,65366.01,65459.74,65276.0,65303.96,548.98052
2024-09-27 05:00:00,65303.96,65378.37,65099.99,65354.58,532.0963
2024-09-27 06:00:00,65354.59,65520.14,65228.0,65344.79,1019.29391
2024-09-27 07:00:00,65344.78,65550.0,65265.65,65460.02,1354.66468
2024-09-27 08:00:00,65460.02,65795.63,65414.0,65725.99,1095.96354
2024-09-27 09:00:00,65726.0,65986.0,65668.78,65754.01,1317.66112
2024-09-27 10:00:00,65754.0,65779.07,65490.0,65490.01,871.87267
2024-09-27 11:00:00,65490.02,65611.99,65342.78,65437.35,608.69637
2024-09-27 12:00:00,65437.36,65890.0,65314.31,65741.19,1485.79878
2024-09-27 13:00:00,65741.19,65791.95,65361.11,65678.01,1050.76174
2024-09-27 14:00:00,65678.02,66498.0,65576.01,66242.66,3355.18836
2024-09-27 15:00:00,66242.65,66422.79,66006.0,66006.01,1353.19361
2024-09-27 16:00:00,66006.01,66360.0,65888.01,66303.03,1230.10335
2024-09-27 17:00:00,66303.03,66347.56,65698.0,65915.61,1162.16245
2024-09-27 18:00:00,65915.61,65929.02,65524.0,65876.42,612.44352
2024-09-27 19:00:00,65876.42,65968.74,65636.0,65657.99,576.67864
2024-09-27 20:00:00,65657.99,65920.0,65625.0,65804.87,437.31919
2024-09-27 21:00:00,65804.87,65880.0,65766.03,65816.62,299.68891
2024-09-27 22:00:00,65816.62,65962.0,65766.0,65870.0,294.36539
2024-09-27 23:00:00,65870.0,65910.0,65683.01,65769.95,329.72017
2024-09-28 00:00:00,65769.95,65900.0,65720.0,65899.1,331.3184
2024-09-28 01:00:00,65899.1,66000.0,65793.0,65994.0,406.91773
2024-09-28 02:00:00,65994.0,66198.72,65906.0,66168.74,471.85819
2024-09-28 03:00:00,66168.74,66260.0,65984.96,66063.76,456.9388
2024-09-28 04:00:00,66063.76,66087.0,65970.0,66006.5,250.72736
2024-09-28 05:00:00,66006.51,66026.0,65912.75,65953.8,294.88887
2024-09-28 06:00:00,65953.81,65955.24,65738.0,65800.0,459.05628
2024-09-28 07:00:00,65799.99,65898.33,65753.73,65824.01,257.32638
2024-09-28 08:00:00,65824.01,65824.01,65578.22,65635.9,446.73728
2024-09-28 09:00:00,65635.9,65635.91,65453.0,65628.2,698.99941
2024-09-28 10:00:00,65628.5,65779.06,65580.53,65764.01,268.15462
2024-09-28 11:00:00,65764.01,65800.0,65702.0,65798.01,244.62608
2024-09-28 12:00:00,65798.01,65798.01,65430.46,65548.12,464.64231
2024-09-28 13:00:00,65548.12,65602.0,65422.23,65528.03,383.41591
2024-09-28 14:00:00,65528.04,65816.0,65528.03,65720.74,449.04904
2024-09-28 15:00:00,65720.73,65722.7,65618.57,65619.13,316.69261
2024-09-28 16:00:00,65619.14,65667.14,65492.59,65516.0,317.15778
2024-09-28 17:00:00,65516.0,65718.69,65506.0,65633.2,362.82222
2024-09-28 18:00:00,65633.2,65823.08,65633.2,65715.01,706.88365
2024-09-28 19:00:00,65715.01,65776.0,65700.38,65724.0,357.63834
2024-09-28 20:00:00,65724.0,65769.96,65640.72,65645.99,238.36379
2024-09-28 21:00:00,65646.0,65692.0,65432.0,65692.0,341.45942
2024-09-28 22:00:00,65692.0,65775.0,65582.51,65680.01,242.23449
2024-09-28 23:00:00,65680.01,65982.16,65617.42,65858.0,359.3242
2024-09-29 00:00:00,65858.0,65984.0,65647.28,65687.1,393.6014
2024-09-29 01:00:00,65687.1,65872.91,65665.96,65872.9,321.49032
2024-09-29 02:00:00,65872.9,65936.0,65820.47,65824.0,281.95005
2024-09-29 03:00:00,65824.0,65827.99,65728.0,65815.92,178.77796
2024-09-29 04:00:00,65815.93,65815.93,65688.31,65741.99,162.32883
2024-09-29 05:00:00,65742.0,65750.0,65518.0,65594.01,367.46959
2024-09-29 06:00:00,65594.0,65620.0,65489.93,65499.99,384.3899
2024-09-29 07:00:00,65500.0,65566.01,65432.0,65477.01,369.93605
2024-09-29 08:00:00,65477.01,65602.55,65433.0,65559.91,383.02385
2024-09-29 09:00:00,65559.91,65665.18,65559.9,65579.91,181.75826
2024-09-29 10:00:00,65579.91,65582.0,65470.67,65571.99,189.6351
2024-09-29 11:00:00,65572.0,65720.0,65571.99,65691.92,287.04811
2024-09-29 12:00:00,65691.92,65759.5,65616.8,65631.68,285.5491
2024-09-29 13:00:00,65631.68,65850.0,65576.21,65817.98,715.77614
2024-09-29 14:00:00,65817.98,65824.0,65661.17,65694.07,357.8883
2024-09-29 15:00:00,65694.07,65807.81,65584.71,65751.34,565.46468
2024-09-29 16:00:00,65751.34,65791.95,65654.01,65764.99,287.06248
2024-09-29 17:00:00,65765.0,65960.01,65764.99,65818.01,426.49829
2024-09-29 18:00:00,65818.01,65855.99,65750.0,65789.45,192.04654
2024-09-29 19:00:00,65789.44,65972.17,65786.0,65958.82,229.03531
2024-09-29 20:00:00,65958.81,66076.12,65800.02,65812.0,527.67529
2024-09-29 21:00:00,65812.01,65973.16,65800.0,65868.6,206.23762
2024-09-29 22:00:00,65868.6,65948.86,65578.66,65674.42,593.42452
2024-09-29 23:00:00,65674.42,65731.55,65528.0,65602.01,449.67342
2024-09-30 00:00:00,65602.01,65618.8,65094.0,65463.85,1154.50096
2024-09-30 01:00:00,65463.86,65544.0,64699.98,64769.99,1424.06087
2024-09-30 02:00:00,64769.99,64810.0,64335.36,64376.01,1652.43674
2024-09-30 03:00:00,64376.01,64580.34,64190.0,64553.68,1817.79078
2024-09-30 04:00:00,64553.68,64553.68,64310.0,64441.7,546.49938
2024-09-30 05:00:00,64441.69,64532.0,64394.0,64525.99,678.85223
2024-09-30 06:00:00,64526.0,64750.01,64356.0,64356.0,1282.93321
2024-09-30 07:00:00,64356.0,64689.36,64350.0,64562.01,700.93445
2024-09-30 08:00:00,64562.01,64576.01,64000.0,64311.58,1608.80518
2024-09-30 09:00:00,64311.58,64311.59,63541.0,63541.01,2221.80198
2024-09-30 10:00:00,63541.0,63665.6,63249.68,63645.99,2401.13005
2024-09-30 11:00:00,63645.98,63870.0,63520.0,63819.44,1055.44847
2024-09-30 12:00:00,63819.45,64132.0,63760.83,64048.0,957.7337
2024-09-30 13:00:00,64048.01,64161.08,63799.81,63874.54,1133.93923
2024-09-30 14:00:00,63874.54,64010.07,63571.28,63740.72,1521.78188
2024-09-30 15:00:00,63740.72,63999.5,63508.0,63561.41,1232.08431
2024-09-30 16:00:00,63561.42,63732.0,63462.59,63486.98,786.10126
2024-09-30 17:00:00,63486.98,63711.61,63372.69,63696.0,1657.21829
2024-09-30 18:00:00,63696.0,63738.25,63056.0,63330.55,1516.30048
2024-09-30 19:00:00,63330.56,63634.72,63282.0,63488.0,1528.28399
2024-09-30 20:00:00,63488.0,63860.0,63456.0,63809.99,857.72548
2024-09-30 21:00:00,63810.0,63831.63,63640.0,63706.93,319.89044
2024-09-30 22:00:00,63706.93,63771.11,63480.0,63481.98,406.67834
2024-09-30 23:00:00,63481.99,63617.45,62856.3,63327.59,1548.15582
2024-10-01 00:00:00,63327.6,63606.0,63006.7,63531.99,1336.93335
2024-10-01 01:00:00,63532.0,63639.86,63370.01,63458.0,1004.08763
2024-10-01 02:00:00,63458.0,63458.0,63180.0,63443.76,716.11822
2024-10-01 03:00:00,63443.76,63744.0,63430.0,63723.48,822.21265
2024-10-01 04:00:00,63723.47,63879.81,63652.06,63868.94,778.75286
2024-10-01 05:00:00,63868.93,63899.99,63674.49,63749.99,816.29206
2024-10-01 06:00:00,63750.0,64097.03,63750.0,64033.98,778.17242
2024-10-01 07:00:00,64033.99,64130.63,63920.0,64045.92,1142.17634
2024-10-01 08:00:00,64045.92,64096.0,63839.0,63956.0,974.1637
2024-10-01 09:00:00,63955.99,64118.0,63864.46,63864.46,1152.0675
2024-10-01 10:00:00,63864.47,63942.0,63707.89,63910.12,603.43982
2024-10-01 11:00:00,63910.11,63989.58,63723.4,63734.0,500.6752
2024-10-01 12:00:00,63734.01,63809.97,63559.63,63668.21,535.43878
2024-10-01 13:00:00,63668.21,63688.0,62522.0,62866.8,3512.9979
2024-10-01 14:00:00,62866.8,63084.0,62448.01,62598.0,3649.61853
2024-10-01 15:00:00,62598.0,62821.76,61814.01,62628.85,4931.80431
2024-10-01 16:00:00,62628.85,62778.73,61906.04,62448.0,3426.5041
2024-10-01 17:00:00,62448.0,62448.0,61092.0,62151.99,5545.71241
2024-10-01 18:00:00,62152.0,62440.0,61859.57,61987.99,1708.27737
2024-10-01 19:00:00,61987.98,62091.29,61610.71,61755.99,1598.40777
2024-10-01 20:00:00,61755.99,61760.74,60164.0,60809.02,4855.59431
2024-10-01 21:00:00,60809.03,61214.73,60656.77,61142.01,1253.06187
2024-10-01 22:00:00,61142.0,61142.01,60630.01,60767.99,1093.23745
2024-10-01 23:00:00,60768.0,61033.71,60652.0,60805.78,935.73453
2024-10-02 00:00:00,60804.92,61208.49,60733.81,61046.26,1228.11528
2024-10-02 01:00:00,61046.27,61536.16,61000.0,61522.89,941.08845
2024-10-02 02:00:00,61522.89,61822.62,61433.49,61782.89,1174.69646
2024-10-02 03:00:00,61782.89,61883.0,61662.65,61750.47,944.98223
2024-10-02 04:00:00,61750.46,61750.47,61440.0,61495.79,704.31237
2024-10-02 05:00:00,61495.78,61609.3,61350.0,61489.71,661.76897
2024-10-02 06:00:00,61489.71,61788.4,61359.9,61700.01,760.10641
2024-10-02 07:00:00,61700.01,61940.0,61588.78,61727.4,698.17476
2024-10-02 08:00:00,61727.39,61914.34,61603.49,61806.01,535.23837
2024-10-02 09:00:00,61806.01,61817.76,61130.0,61271.25,1082.07393
2024-10-02 10:00:00,61271.24,61555.0,61151.04,61188.28,1005.99847
2024-10-02 11:00:00,61188.27,61380.0,60888.88,61164.01,1204.28505
2024-10-02 12:00:00,61164.01,61220.0,60696.4,60798.8,1274.80586
2024-10-02 13:00:00,60798.8,61460.0,60524.21,61350.0,2508.38932
2024-10-02 14:00:00,61350.0,61672.0,61047.16,61077.78,2267.56057
2024-10-02 15:00:00,61077.77,61926.9,61059.9,61874.01,1514.52104
2024-10-02 16:00:00,61874.01,62390.31,61779.87,61800.0,1555.81954
2024-10-02 17:00:00,61800.01,61835.99,61242.0,61628.01,1115.92104
2024-10-02 18:00:00,61628.01,61691.0,60762.09,60762.09,1403.72059
2024-10-02 19:00:00,60762.1,60926.0,60000.0,60190.01,3854.05654
2024-10-02 20:00:00,60190.01,60999.24,60128.0,60924.0,3301.59077
2024-10-02 21:00:00,60923.99,60952.0,60656.0,60831.99,607.84007
2024-10-02 22:00:00,60832.0,60851.75,60438.0,60851.74,678.65953
2024-10-02 23:00:00,60851.74,60869.56,60622.0,60649.28,510.97556
2024-10-03 00:00:00,60649.27,61105.0,60536.0,60988.01,1646.41886
2024-10-03 01:00:00,60988.01,61183.76,60919.9,61024.0,834.87326
2024-10-03 02:00:00,61024.0,61274.0,60987.0,61185.17,502.78816
2024-10-03 03:00:00,61185.18,61464.0,61092.0,61463.99,673.23178
2024-10-03 04:00:00,61464.0,61477.19,61276.31,61326.0,571.45959
2024-10-03 05:00:00,61326.0,61360.0,61100.0,61176.01,702.22305
2024-10-03 06:00:00,61176.0,61418.42,61106.01,61334.01,618.19443
2024-10-03 07:00:00,61334.0,61424.25,60814.12,60926.0,1459.32009
2024-10-03 08:00:00,60926.0,60978.0,60138.0,60354.0,1805.58584
2024-10-03 09:00:00,60354.0,60765.33,60126.56,60720.48,984.32204
2024-10-03 10:00:00,60720.48,61036.0,60648.0,61025.98,738.07634
2024-10-03 11:00:00,61025.98,61070.47,60594.0,60764.74,879.13477
2024-10-03 12:00:00,60764.73,60770.0,60372.12,60469.95,1231.76196
2024-10-03 13:00:00,60469.95,60583.99,59828.11,60382.05,2876.5955
2024-10-03 14:00:00,60382.06,60900.0,60100.0,60172.01,2862.27532
2024-10-03 15:00:00,60172.01,60690.0,60044.0,60641.5,1601.39415
2024-10-03 16:00:00,60641.5,60781.53,60084.0,60168.0,1306.79294
2024-10-03 17:00:00,60167.99,60723.68,59917.02,60632.0,1556.13418
2024-10-03 18:00:00,60632.0,60858.31,60531.85,60722.31,684.53507
2024-10-03 19:00:00,60722.31,61058.0,60544.33,61036.0,861.39195
2024-10-03 20:00:00,61036.0,61100.0,60668.0,60773.99,610.81892
2024-10-03 21:00:00,60774.0,60950.0,60596.4,60807.13,437.80348
2024-10-03 22:00:00,60807.13,60978.26,60714.0,60895.27,420.20059
2024-10-03 23:00:00,60895.27,60984.0,60700.49,60752.71,356.10245
2024-10-04 00:00:00,60752.72,60812.0,60459.9,60504.01,660.07721
2024-10-04 01:00:00,60504.01,61256.47,60488.0,61218.0,1068.07006
2024-10-04 02:00:00,61218.0,61272.73,60939.75,61036.14,410.02036
2024-10-04 03:00:00,61036.15,61065.36,60890.0,60951.99,235.42925
2024-10-04 04:00:00,60951.99,61200.0,60936.66,61001.44,423.24552
2024-10-04 05:00:00,61001.45,61238.0,60982.7,61224.34,365.05248
2024-10-04 06:00:00,61224.34,61343.75,61100.0,61119.99,575.69204
2024-10-04 07:00:00,61120.0,61544.98,61068.0,61443.64,1090.01477
2024-10-04 08:00:00,61443.64,61646.27,61340.22,61449.73,807.34468
2024-10-04 09:00:00,61449.73,61586.0,61302.42,61339.43,582.64883
2024-10-04 10:00:00,61339.43,61432.64,61266.42,61284.01,367.21188
2024-10-04 11:00:00,61284.01,61483.02,61274.0,61449.84,586.46012
2024-10-04 12:00:00,61449.84,61936.0,61211.92,61932.24,2563.17863
2024-10-04 13:00:00,61932.24,62004.48,61488.1,61580.02,2047.98501
2024-10-04 14:00:00,61580.02,61584.0,60753.97,61239.99,2316.23481
2024-10-04 15:00:00,61240.0,61873.04,61224.0,61873.04,1573.58655
2024-10-04 16:00:00,61873.05,62294.87,61644.01,62244.0,1683.63251
2024-10-04 17:00:00,62243.99,62340.0,61843.0,61983.32,909.37617
2024-10-04 18:00:00,61983.32,62360.0,61909.09,62345.0,616.8604
2024-10-04 19:00:00,62344.99,62468.0,62254.37,62368.0,821.27586
2024-10-04 20:00:00,62368.0,62484.85,62171.33,62407.69,523.80906
2024-10-04 21:00:00,62407.7,62463.54,62274.45,62274.45,263.95326
2024-10-04 22:00:00,62274.46,62350.0,62193.18,62213.14,404.20202
2024-10-04 23:00:00,62213.15,62213.15,61965.14,62086.0,399.29846
2024-10-05 00:00:00,62086.0,62214.0,62045.97,62170.0,435.38431
2024-10-05 01:00:00,62170.0,62200.0,61990.01,62069.99,323.64591
2024-10-05 02:00:00,62069.99,62070.0,61794.62,61812.0,332.2168
2024-10-05 03:00:00,61812.01,61971.93,61689.26,61861.99,399.56844
2024-10-05 04:00:00,61861.99,62020.0,61824.01,61950.01,226.26091
2024-10-05 05:00:00,61950.01,62157.14,61944.01,62149.47,264.66328
2024-10-05 06:00:00,62149.48,62246.11,62076.19,62224.0,302.03997
2024-10-05 07:00:00,62224.0,62268.28,62076.19,62076.19,259.63293
2024-10-05 08:00:00,62076.2,62198.87,62076.19,62151.52,287.51516
2024-10-05 09:00:00,62151.52,62326.48,62146.16,62252.0,906.59633
2024-10-05 10:00:00,62252.01,62269.13,62202.53,62213.84,167.45379
2024-10-05 11:00:00,62213.85,62233.09,62169.53,62180.0,161.27568
2024-10-05 12:00:00,62179.99,62304.0,62179.99,62302.03,230.69463
2024-10-05 13:00:00,62302.02,62370.56,62100.0,62153.35,469.51747
2024-10-05 14:00:00,62153.35,62239.09,62100.07,62196.01,391.8712
2024-10-05 15:00:00,62196.0,62220.0,62119.2,62167.66,225.57254
2024-10-05 16:00:00,62167.65,62180.0,61958.39,61958.39,558.60491
2024-10-05 17:00:00,61958.4,62030.0,61908.0,62016.01,222.1835
2024-10-05 18:00:00,62016.01,62050.0,61840.01,61864.0,274.26427
2024-10-05 19:00:00,61864.0,61900.0,61790.0,61848.48,353.76316
2024-10-05 20:00:00,61848.48,61848.49,61700.0,61723.38,359.51629
2024-10-05 21:00:00,61723.39,61939.4,61706.0,61857.64,250.4932
2024-10-05 22:00:00,61857.65,62089.99,61850.29,62039.52,231.51808
2024-10-05 23:00:00,62039.52,62100.0,61980.33,62058.0,173.20865
2024-10-06 00:00:00,62058.01,62088.17,61888.46,61920.0,191.30107
2024-10-06 01:00:00,61919.99,62150.0,61919.99,62081.01,247.54462
2024-10-06 02:00:00,62081.01,62115.99,61940.11,61966.01,199.51399
2024-10-06 03:00:00,61966.01,62020.0,61876.0,61878.66,244.29144
2024-10-06 04:00:00,61878.66,61966.25,61798.97,61878.03,273.7521
2024-10-06 05:00:00,61878.03,61974.69,61845.07,61938.51,150.78816
2024-10-06 06:00:00,61938.51,62010.0,61879.92,61961.99,390.35484
2024-10-06 07:00:00,61962.0,62001.99,61948.02,61949.01,92.16551
2024-10-06 08:00:00,61949.01,62070.0,61922.0,61989.81,243.41255
2024-10-06 09:00:00,61989.81,62176.75,61976.52,62066.38,280.81292
2024-10-06 10:00:00,62066.38,62079.0,62006.55,62023.83,218.64231
2024-10-06 11:00:00,62023.84,62145.0,62012.0,62101.92,193.91457
2024-10-06 12:00:00,62101.92,62230.0,62065.31,62222.0,499.05718
2024-10-06 13:00:00,62221.99,62371.05,62221.99,62257.73,684.22241
2024-10-06 14:00:00,62257.73,62777.0,62196.0,62715.99,968.70462
2024-10-06 15:00:00,62716.0,62766.22,62444.0,62720.01,911.02124
2024-10-06 16:00:00,62720.01,62927.87,62597.5,62602.0,709.17287
2024-10-06 17:00:00,62602.01,62760.01,62550.0,62591.2,364.35832
2024-10-06 18:00:00,62591.2,62765.0,62590.91,62718.36,250.01336
2024-10-06 19:00:00,62718.37,62975.0,62590.0,62631.38,358.18016
2024-10-06 20:00:00,62631.38,62753.86,62585.0,62620.62,219.43399
2024-10-06 21:00:00,62620.62,62658.23,62302.0,62303.03,433.39775
2024-10-06 22:00:00,62303.04,62624.03,62303.03,62618.85,231.96477
2024-10-06 23:00:00,62618.84,62912.33,62618.84,62819.91,550.84102
2024-10-07 00:00:00,62819.91,63718.84,62657.44,63677.98,1704.3351
2024-10-07 01:00:00,63677.98,63970.19,63660.0,63819.0,1335.9692
2024-10-07 02:00:00,63819.0,63948.46,63597.22,63637.29,773.41171
2024-10-07 03:00:00,63637.29,63769.84,63345.97,63530.51,642.28798
2024-10-07 04:00:00,63530.51,63670.0,63462.88,63466.66,309.55226
2024-10-07 05:00:00,63466.67,63628.0,63300.48,63380.01,485.61573
2024-10-07 06:00:00,63380.0,63753.91,63312.0,63706.0,653.60056
2024-10-07 07:00:00,63705.99,63710.56,63452.01,63531.99,666.26925
2024-10-07 08:00:00,63532.0,63706.0,63520.0,63554.62,529.85189
2024-10-07 09:00:00,63554.62,63554.63,63088.0,63210.83,1154.64233
2024-10-07 10:00:00,63210.82,63222.0,62865.09,62891.48,1095.22985
2024-10-07 11:00:00,62891.49,63179.99,62649.95,63135.44,1677.47151
2024-10-07 12:00:00,63135.45,63135.45,62834.03,62883.33,724.06922
2024-10-07 13:00:00,62883.32,63566.67,62825.37,63457.36,1393.04464
2024-10-07 14:00:00,63457.37,64478.19,63457.37,63991.89,3989.25639
2024-10-07 15:00:00,63991.89,63995.0,63525.0,63651.6,1496.13836
2024-10-07 16:00:00,63651.59,63874.65,63427.96,63819.9,793.57942
2024-10-07 17:00:00,63819.91,63906.57,63519.99,63819.99,751.04511
2024-10-07 18:00:00,63820.0,63822.49,62735.9,62848.0,1494.26538
2024-10-07 19:00:00,62848.0,63468.72,62848.0,63382.0,1055.60592
2024-10-07 20:00:00,63381.99,63410.0,62984.29,63020.0,457.18377
2024-10-07 21:00:00,63020.0,63374.0,63002.29,63373.99,399.7213
2024-10-07 22:00:00,63373.99,63374.0,62419.9,62471.08,1024.37163
2024-10-07 23:00:00,62471.08,62665.83,62128.0,62224.0,1359.66669
2024-10-08 00:00:00,62224.01,62585.06,62156.02,62552.98,795.1617
2024-10-08 01:00:00,62552.98,62737.84,62312.0,62630.01,699.78371
2024-10-08 02:00:00,62630.01,62789.65,62419.9,62785.78,790.2519
2024-10-08 03:00:00,62785.79,62820.0,62522.61,62629.8,473.99204
2024-10-08 04:00:00,62629.8,62778.04,62533.56,62694.9,567.31828
2024-10-08 05:00:00,62694.9,62723.69,62305.78,62517.35,719.31657
2024-10-08 06:00:00,62517.35,62531.52,62200.0,62509.42,580.02424
2024-10-08 07:00:00,62509.42,62509.42,62005.0,62319.99,722.21187
2024-10-08 08:00:00,62319.99,62439.32,62193.63,62409.46,824.81768
2024-10-08 09:00:00,62409.46,62590.0,62301.14,62537.38,524.50951
2024-10-08 10:00:00,62537.37,62589.86,62410.82,62519.78,406.80723
2024-10-08 11:00:00,62519.77,62670.16,62471.24,62624.01,484.82065
2024-10-08 12:00:00,62624.02,62670.0,62427.15,62440.0,463.54487
2024-10-08 13:00:00,62440.01,63058.43,62326.52,63035.27,1568.71636
2024-10-08 14:00:00,63035.27,63200.0,62157.46,62778.0,2396.82105
2024-10-08 15:00:00,62778.0,62850.24,61864.89,62288.01,2548.14024
2024-10-08 16:00:00,62288.01,62598.0,62023.42,62570.0,889.56934
2024-10-08 17:00:00,62569.99,62570.0,62071.31,62393.94,716.71801
2024-10-08 18:00:00,62393.94,62534.0,61930.34,62110.72,928.34993
2024-10-08 19:00:00,62110.71,62350.0,61860.31,62245.53,1051.14599
2024-10-08 20:00:00,62245.99,62400.02,62147.39,62400.02,411.43606
2024-10-08 21:00:00,62400.02,62565.95,62320.0,62443.74,354.90699
2024-10-08 22:00:00,62443.75,62453.14,62159.9,62175.01,390.36179
2024-10-08 23:00:00,62175.01,62281.21,62026.13,62160.49,393.4977
2024-10-09 00:00:00,62160.5,62266.0,62002.5,62154.0,696.00437
2024-10-09 01:00:00,62154.0,62494.0,62108.0,62414.55,719.19866
2024-10-09 02:00:00,62414.55,62420.01,62264.0,62264.01,298.93255
2024-10-09 03:00:00,62264.0,62460.0,62150.09,62394.07,504.43621
2024-10-09 04:00:00,62394.07,62433.37,62300.0,62347.78,438.36498
2024-10-09 05:00:00,62347.78,62542.06,62347.78,62524.09,698.96105
2024-10-09 06:00:00,62524.09,62543.75,62380.0,62430.0,411.04474
2024-10-09 07:00:00,62430.0,62430.0,62200.0,62276.78,493.56012
2024-10-09 08:00:00,62276.79,62287.07,62046.69,62149.99,599.01755
2024-10-09 09:00:00,62150.0,62275.37,62102.0,62264.02,392.9044
2024-10-09 10:00:00,62264.02,62264.02,62051.27,62150.0,428.36988
2024-10-09 11:00:00,62149.99,62231.12,62104.35,62200.0,298.13635
2024-10-09 12:00:00,62199.99,62225.99,61766.0,61980.0,1296.22422
2024-10-09 13:00:00,61980.0,62094.77,61750.0,61800.99,1341.96135
2024-10-09 14:00:00,61801.0,62028.0,61634.61,61872.99,1156.05584
2024-10-09 15:00:00,61872.99,62412.09,61780.0,62316.0,1435.35966
2024-10-09 16:00:00,62316.0,62350.0,61686.0,61814.01,1304.67493
2024-10-09 17:00:00,61814.01,61906.28,61666.98,61748.0,634.04881
2024-10-09 18:00:00,61748.0,61818.19,61150.0,61196.01,1600.85322
2024-10-09 19:00:00,61196.0,61218.0,60835.0,61031.98,1531.82306
2024-10-09 20:00:00,61031.99,61122.53,60301.0,60420.01,1843.13319
2024-10-09 21:00:00,60420.01,60958.0,60362.01,60902.01,921.66159
2024-10-09 22:00:00,60902.01,60915.66,60699.9,60798.01,448.46829
2024-10-09 23:00:00,60798.01,60829.88,60610.0,60636.02,517.96182
2024-10-10 00:00:00,60636.01,60693.5,60355.0,60437.61,1064.58671
2024-10-10 01:00:00,60437.61,60860.87,60435.73,60803.02,706.81361
2024-10-10 02:00:00,60803.01,60937.99,60708.07,60882.08,579.73713
2024-10-10 03:00:00,60882.08,60956.0,60821.06,60865.29,376.43901
2024-10-10 04:00:00,60865.29,60957.41,60814.9,60865.9,279.67137
2024-10-10 05:00:00,60865.89,61052.0,60842.09,60941.48,381.79627
2024-10-10 06:00:00,60941.48,61149.58,60892.29,61143.85,566.90796
2024-10-10 07:00:00,61143.86,61145.99,60900.0,60900.0,398.99964
2024-10-10 08:00:00,60900.01,61073.42,60784.75,60815.7,595.18801
2024-10-10 09:00:00,60815.71,60988.92,60630.71,60935.15,908.49779
2024-10-10 10:00:00,60935.14,61211.99,60932.69,61075.56,473.81685
2024-10-10 11:00:00,61075.56,61321.68,61052.0,61262.0,582.16912
2024-10-10 12:00:00,61262.01,61320.0,60752.04,60962.0,1487.32919
2024-10-10 13:00:00,60962.01,61254.0,60617.05,60940.01,1121.40668
2024-10-10 14:00:00,60940.01,61055.99,60513.44,60593.95,1109.62787
2024-10-10 15:00:00,60593.95,60814.98,60444.99,60789.36,1509.548
2024-10-10 16:00:00,60789.36,61030.31,60255.36,60298.12,1239.94022
2024-10-10 17:00:00,60298.12,60460.0,59561.51,59611.01,2434.69214
2024-10-10 18:00:00,59611.0,59611.01,58946.0,59502.01,3644.40509
2024-10-10 19:00:00,59502.0,59761.0,59360.0,59727.28,1198.92032
2024-10-10 20:00:00,59727.27,60026.08,59586.29,59799.83,1105.03452
2024-10-10 21:00:00,59799.83,60198.78,59692.79,60198.77,969.22291
2024-10-10 22:00:00,60198.78,60250.0,59945.62,60148.01,752.21843
2024-10-10 23:00:00,60148.0,60329.27,60148.0,60326.39,480.95597
2024-10-11 00:00:00,60326.4,60360.0,60151.23,60194.01,709.69559
2024-10-11 01:00:00,60194.01,60768.64,60087.64,60578.55,903.56723
2024-10-11 02:00:00,60578.55,60649.99,60362.3,60553.31,432.09823
2024-10-11 03:00:00,60553.32,60710.21,60553.31,60614.0,369.81958
2024-10-11 04:00:00,60614.01,60720.03,60578.0,60699.99,320.68003
2024-10-11 05:00:00,60699.99,60770.0,60588.23,60600.0,350.72883
2024-10-11 06:00:00,60600.01,60925.16,60600.0,60800.0,557.93131
2024-10-11 07:00:00,60800.01,60919.83,60656.0,60674.69,804.72065
2024-10-11 08:00:00,60674.68,60810.89,60650.44,60669.39,404.7912
2024-10-11 09:00:00,60669.39,61118.19,60654.05,61086.0,903.88588
2024-10-11 10:00:00,61086.0,61263.4,61002.49,61160.0,994.23585
2024-10-11 11:00:00,61160.01,61260.0,61079.9,61174.87,452.07523
2024-10-11 12:00:00,61174.88,61477.57,61129.72,61379.0,1031.16609
2024-10-11 13:00:00,61379.01,61848.0,61206.15,61676.0,1576.49136
2024-10-11 14:00:00,61675.99,61950.0,61634.41,61753.65,2246.32837
2024-10-11 15:00:00,61753.65,62450.0,61753.65,62259.05,2053.88774
2024-10-11 16:00:00,62259.04,62438.64,62123.0,62272.0,1576.08866
2024-10-11 17:00:00,62272.01,62934.8,62166.02,62918.0,1730.53186
2024-10-11 18:00:00,62918.0,62973.47,62714.0,62922.08,790.45713
2024-10-11 19:00:00,62922.07,63417.56,62819.47,63086.01,2353.79665
2024-10-11 20:00:00,63086.0,63087.5,62924.0,62993.68,625.88299
2024-10-11 21:00:00,62993.68,63160.0,62796.19,62848.48,1016.19852
2024-10-11 22:00:00,62848.48,62910.0,62374.13,62450.27,822.93768
2024-10-11 23:00:00,62450.27,62666.67,62357.7,62540.0,613.35543
2024-10-12 00:00:00,62539.99,62930.0,62500.0,62840.0,757.11212
2024-10-12 01:00:00,62840.01,63073.78,62684.67,62733.67,876.84838
2024-10-12 02:00:00,62733.67,62757.58,62505.64,62554.97,404.88126
2024-10-12 03:00:00,62554.98,62636.0,62487.23,62568.0,472.10486
2024-10-12 04:00:00,62568.0,62746.0,62565.51,62583.58,477.93544
2024-10-12 05:00:00,62583.58,62800.0,62579.0,62778.01,201.05441
2024-10-12 06:00:00,62778.0,62778.01,62670.65,62679.91,275.66986
2024-10-12 07:00:00,62679.91,62774.0,62645.73,62767.57,244.00832
2024-10-12 08:00:00,62767.57,62783.06,62699.98,62725.58,219.30239
2024-10-12 09:00:00,62725.59,62843.33,62672.34,62843.32,222.24086
2024-10-12 10:00:00,62843.32,63049.0,62815.03,63043.73,674.6481
2024-10-12 11:00:00,63043.73,63260.53,62914.65,62936.91,882.96206
2024-10-12 12:00:00,62936.91,63062.0,62824.03,63056.26,568.09497
2024-10-12 13:00:00,63056.26,63151.52,62975.0,63072.12,464.98284
2024-10-12 14:00:00,63072.12,63400.0,63014.0,63234.99,646.31938
2024-10-12 15:00:00,63235.0,63480.0,63057.0,63157.49,1011.0864
2024-10-12 16:00:00,63157.5,63400.0,63063.4,63064.06,491.72842
2024-10-12 17:00:00,63064.06,63260.0,63048.0,63103.47,321.78631
2024-10-12 18:00:00,63103.46,63177.64,62936.0,62936.01,371.62018
2024-10-12 19:00:00,62936.01,63075.61,62911.0,63000.01,352.604
2024-10-12 20:00:00,63000.01,63113.21,63000.0,63043.29,207.96238
2024-10-12 21:00:00,63043.29,63225.24,63043.28,63221.16,172.79716
2024-10-12 22:00:00,63221.16,63324.0,63140.0,63296.63,208.14162
2024-10-12 23:00:00,63296.63,63388.0,63169.82,63206.22,385.40944
2024-10-13 00:00:00,63206.23,63285.72,63035.0,63190.23,392.73552
2024-10-13 01:00:00,63190.24,63190.24,62818.0,62879.26,906.08765
2024-10-13 02:00:00,62879.26,62920.0,62700.0,62867.2,408.56362
2024-10-13 03:00:00,62867.2,62900.0,62654.91,62712.31,271.47783
2024-10-13 04:00:00,62712.31,62860.0,62707.21,62814.0,199.62475
2024-10-13 05:00:00,62814.0,62964.0,62813.99,62853.92,184.12566
2024-10-13 06:00:00,62853.91,62990.0,62853.91,62867.29,211.17094
2024-10-13 07:00:00,62867.29,62912.92,62729.81,62843.48,382.01636
2024-10-13 08:00:00,62843.48,62962.0,62797.93,62809.99,495.84681
2024-10-13 09:00:00,62809.99,62867.57,62770.61,62830.0,473.75794
2024-10-13 10:00:00,62830.0,62830.01,62688.01,62700.99,419.55548
2024-10-13 11:00:00,62700.99,62776.0,62520.18,62561.33,683.10484
2024-10-13 12:00:00,62561.34,62728.37,62546.0,62664.01,337.55907
2024-10-13 13:00:00,62664.01,62818.0,62624.75,62660.0,417.77487
2024-10-13 14:00:00,62660.0,62660.0,62200.0,62249.6,891.39712
2024-10-13 15:00:00,62249.6,62347.49,62050.0,62229.31,1235.55429
2024-10-13 16:00:00,62229.32,62712.5,62177.67,62629.1,666.47125
2024-10-13 17:00:00,62629.11,62887.78,62410.21,62515.59,805.68447
2024-10-13 18:00:00,62515.58,62623.12,62314.13,62414.0,366.44599
2024-10-13 19:00:00,62414.0,62740.0,62414.0,62734.32,347.62511
2024-10-13 20:00:00,62734.31,62762.92,62610.67,62762.91,264.84711
2024-10-13 21:00:00,62762.92,63010.0,62679.9,62895.11,659.18256
2024-10-13 22:00:00,62895.11,63125.0,62727.27,62837.99,617.63003
2024-10-13 23:00:00,62838.0,62895.9,62630.0,62870.02,270.98068
2024-10-14 00:00:00,62870.02,62898.43,62457.81,62520.18,498.83037
2024-10-14 01:00:00,62520.19,62850.0,62510.01,62631.83,500.36381
2024-10-14 02:00:00,62631.83,62634.17,62478.65,62614.0,267.08282
2024-10-14 03:00:00,62614.0,64392.49,62612.0,64299.99,3936.41882
2024-10-14 04:00:00,64300.0,64500.0,64082.37,64137.99,2574.70527
2024-10-14 05:00:00,64137.99,64160.0,63778.62,63941.54,1258.1183
2024-10-14 06:00:00,63941.54,64227.86,63801.89,64095.99,809.03
2024-10-14 07:00:00,64096.0,64686.0,64028.99,64620.87,1898.35413
2024-10-14 08:00:00,64620.87,64860.0,64382.72,64427.99,1331.28363
2024-10-14 09:00:00,64427.99,64899.98,64340.98,64822.23,1190.87041
2024-10-14 10:00:00,64822.24,64999.0,64695.79,64860.18,1212.28075
2024-10-14 11:00:00,64860.18,65188.57,64800.01,64920.06,1604.40044
2024-10-14 12:00:00,64920.05,65000.0,64743.0,64868.05,1400.73972
2024-10-14 13:00:00,64868.06,65292.0,64660.56,65150.01,1898.5951
2024-10-14 14:00:00,65150.01,66299.93,65116.0,65922.0,5246.02328
2024-10-14 15:00:00,65922.0,66111.16,65800.0,65870.0,2620.60347
2024-10-14 16:00:00,65870.0,66014.0,65609.04,65703.99,2115.94718
2024-10-14 17:00:00,65703.99,65846.0,65459.0,65640.01,1061.53508
2024-10-14 18:00:00,65640.0,65960.0,65579.9,65769.59,978.39321
2024-10-14 19:00:00,65769.59,66072.3,65723.4,65939.4,1385.23734
2024-10-14 20:00:00,65939.41,66050.0,65815.56,65925.97,589.40036
2024-10-14 21:00:00,65925.98,65999.0,65730.0,65782.14,396.51022
2024-10-14 22:00:00,65782.14,66500.0,65770.0,66454.0,1948.67266
2024-10-14 23:00:00,66454.01,66500.0,66035.29,66083.99,946.55585
2024-10-15 00:00:00,66084.0,66330.0,65856.45,65929.99,1154.23779
2024-10-15 01:00:00,65930.0,66013.83,65733.39,65866.48,694.44944
2024-10-15 02:00:00,65866.48,65928.0,65706.01,65759.99,617.73826
2024-10-15 03:00:00,65759.99,65760.0,65324.4,65400.0,1108.4005
2024-10-15 04:00:00,65399.99,65691.21,65322.0,65599.99,567.45376
2024-10-15 05:00:00,65599.99,65600.0,65201.0,65363.24,822.80503
2024-10-15 06:00:00,65363.25,65612.17,65285.24,65564.98,735.52735
2024-10-15 07:00:00,65564.98,65846.0,65560.01,65638.74,1193.58339
2024-10-15 08:00:00,65638.74,65850.0,65615.57,65754.0,565.5957
2024-10-15 09:00:00,65753.99,65785.33,65602.68,65637.99,1081.37313
2024-10-15 10:00:00,65637.99,65750.0,65582.95,65679.94,642.13152
2024-10-15 11:00:00,65679.95,65720.0,65280.0,65399.69,1509.55209
2024-10-15 12:00:00,65399.68,65964.56,65383.5,65802.01,1376.78893
2024-10-15 13:00:00,65802.01,67767.66,65770.0,67658.0,4758.39408
2024-10-15 14:00:00,67658.0,67950.0,65150.01,65376.0,9039.37258
2024-10-15 15:00:00,65376.01,66300.0,64800.01,66022.0,5392.7639
2024-10-15 16:00:00,66022.01,67218.0,65982.55,66868.2,3418.13618
2024-10-15 17:00:00,66868.21,67059.33,66501.0,66808.01,1765.93618
2024-10-15 18:00:00,66808.0,67390.89,66754.0,66901.15,1591.98685
2024-10-15 19:00:00,66901.15,67051.99,66574.94,66970.18,1664.01097
2024-10-15 20:00:00,66970.18,67007.99,66391.65,66469.41,1318.01559
2024-10-15 21:00:00,66469.41,66614.0,66130.64,66432.0,1096.16117
2024-10-15 22:00:00,66432.01,66992.0,66409.42,66747.58,795.05313
2024-10-15 23:00:00,66747.59,67156.47,66675.06,67074.14,774.48671
2024-10-16 00:00:00,67074.14,67138.96,66759.01,66874.04,786.91734
2024-10-16 01:00:00,66874.04,67496.89,66750.49,67375.99,1155.89777
2024-10-16 02:00:00,67376.0,67561.04,67241.04,67280.01,855.21854
2024-10-16 03:00:00,67280.01,67293.99,67071.33,67095.98,710.36875
2024-10-16 04:00:00,67095.99,67236.0,66885.05,67000.0,694.88785
2024-10-16 05:00:00,67000.0,67361.41,66930.71,67218.74,776.15846
2024-10-16 06:00:00,67218.74,67300.0,66961.62,67050.0,772.89972
2024-10-16 07:00:00,67050.0,67050.01,66775.67,66972.53,826.47
2024-10-16 08:00:00,66972.53,67270.15,66917.52,67129.82,1139.02083
2024-10-16 09:00:00,67129.82,67469.0,67087.26,67420.01,1155.95012
2024-10-16 10:00:00,67420.01,67799.0,67323.61,67733.54,2132.60078
2024-10-16 11:00:00,67733.55,68424.0,67602.05,67894.72,4243.53323
2024-10-16 12:00:00,67894.73,68058.0,67670.0,67832.0,2119.64251
2024-10-16 13:00:00,67832.0,67962.0,67117.18,67386.0,2383.91323
2024-10-16 14:00:00,67386.0,68308.91,67346.0,67671.91,3438.188
2024-10-16 15:00:00,67671.91,68050.0,67391.01,67749.99,1400.46686
2024-10-16 16:00:00,67750.0,67929.99,67482.0,67823.88,1175.82956
2024-10-16 17:00:00,67823.88,68100.0,67686.0,67942.0,983.28128
2024-10-16 18:00:00,67942.0,68064.0,67780.32,67822.74,688.26491
2024-10-16 19:00:00,67822.73,67952.84,67643.24,67728.0,727.95399
2024-10-16 20:00:00,67728.01,67954.03,67630.0,67630.01,594.85817
2024-10-16 21:00:00,67630.01,67706.0,67500.0,67566.9,394.73361
2024-10-16 22:00:00,67566.9,67860.0,67563.84,67790.01,413.91674
2024-10-16 23:00:00,67790.0,67827.48,67602.34,67620.01,367.28319
2024-10-17 00:00:00,67620.0,67939.4,67580.0,67709.99,437.46753
2024-10-17 01:00:00,67709.99,67899.99,67406.99,67893.98,839.22722
2024-10-17 02:00:00,67893.98,67908.48,67408.0,67472.01,748.44335
2024-10-17 03:00:00,67472.01,67700.0,67438.0,67601.4,478.64401
2024-10-17 04:00:00,67601.4,67601.4,67260.0,67260.0,695.26222
2024-10-17 05:00:00,67260.01,67470.0,67260.0,67340.82,509.73015
2024-10-17 06:00:00,67340.81,67504.49,67104.18,67162.87,1233.26564
2024-10-17 07:00:00,67162.87,67317.17,67087.35,67303.18,1114.64608
2024-10-17 08:00:00,67303.18,67473.49,67200.0,67450.0,745.35931
2024-10-17 09:00:00,67450.0,67530.01,67185.16,67191.4,941.8405
2024-10-17 10:00:00,67191.41,67295.4,66818.96,67214.0,1208.73503
2024-10-17 11:00:00,67214.01,67285.0,66741.09,66872.43,1944.76935
2024-10-17 12:00:00,66872.44,67184.0,66799.9,67171.42,998.62443
2024-10-17 13:00:00,67171.42,67354.94,66669.0,67021.99,1702.17377
2024-10-17 14:00:00,67021.99,67293.94,66666.0,67123.8,2327.10904
2024-10-17 15:00:00,67123.8,67680.0,66925.06,67590.66,1616.10959
2024-10-17 16:00:00,67590.67,67590.67,67122.68,67384.42,1677.79081
2024-10-17 17:00:00,67384.42,67526.0,67156.7,67290.0,1220.03847
2024-10-17 18:00:00,67290.0,67308.82,66720.0,66938.01,1635.90526
2024-10-17 19:00:00,66938.01,67017.39,66780.0,66840.0,830.3972
2024-10-17 20:00:00,66840.0,67149.5,66827.68,66940.0,469.0635
2024-10-17 21:00:00,66940.0,67129.98,66940.0,67084.0,319.20057
2024-10-17 22:00:00,67084.01,67480.0,67084.01,67444.02,919.29212
2024-10-17 23:00:00,67444.02,67479.99,67288.01,67421.78,715.13346
2024-10-18 00:00:00,67421.78,67457.07,67192.36,67214.42,626.09327
2024-10-18 01:00:00,67214.41,68260.92,67194.0,68085.5,2138.13847
2024-10-18 02:00:00,68085.5,68142.0,67800.0,68103.99,1073.1499
2024-10-18 03:00:00,68104.0,68108.58,67522.0,67555.4,978.29799
2024-10-18 04:00:00,67555.41,67867.93,67544.0,67742.72,770.77181
2024-10-18 05:00:00,67742.71,68050.0,67640.0,68000.79,567.44614
2024-10-18 06:00:00,68000.79,68378.95,67925.98,68108.0,1482.28962
2024-10-18 07:00:00,68108.0,68194.0,67864.0,67969.7,1615.5303
2024-10-18 08:00:00,67969.69,68050.0,67830.0,67922.45,641.38325
2024-10-18 09:00:00,67922.44,68045.55,67763.26,67802.0,753.29192
2024-10-18 10:00:00,67802.0,67970.33,67776.43,67874.92,921.44904
2024-10-18 11:00:00,67874.92,68028.44,67674.98,67702.0,1288.33547
2024-10-18 12:00:00,67702.0,67820.66,67642.71,67662.0,574.19737
2024-10-18 13:00:00,67662.0,68196.0,67656.99,68196.0,1233.37326
2024-10-18 14:00:00,68195.99,68600.0,67936.18,68426.98,4002.87329
2024-10-18 15:00:00,68426.99,68870.68,68293.04,68735.35,3171.49022
2024-10-18 16:00:00,68735.34,68897.99,68360.0,68787.88,1754.84058
2024-10-18 17:00:00,68787.87,68908.05,68656.53,68710.14,1032.29321
2024-10-18 18:00:00,68710.13,69000.0,68560.0,68892.42,1227.26584
2024-10-18 19:00:00,68892.41,68974.0,68572.72,68608.01,1079.87377
2024-10-18 20:00:00,68608.01,68690.0,68400.0,68432.0,674.44986
2024-10-18 21:00:00,68431.99,68495.45,68230.0,68412.0,381.16213
2024-10-18 22:00:00,68412.0,68420.0,68204.1,68205.6,430.32404
2024-10-18 23:00:00,68205.59,68470.0,68205.59,68428.0,307.31425
2024-10-19 00:00:00,68427.99,68480.0,68303.03,68334.2,310.84184
2024-10-19 01:00:00,68334.21,68454.55,68330.0,68340.02,321.83758
2024-10-19 02:00:00,68340.02,68469.91,68334.0,68459.59,276.07774
2024-10-19 03:00:00,68459.58,68693.26,68435.96,68450.01,467.97911
2024-10-19 04:00:00,68450.0,68560.0,68334.0,68334.01,312.97065
2024-10-19 05:00:00,68334.0,68432.62,68326.0,68390.01,234.25062
2024-10-19 06:00:00,68390.01,68439.0,68335.83,68335.83,234.88358
2024-10-19 07:00:00,68335.84,68405.11,68302.31,68346.54,331.5683
2024-10-19 08:00:00,68346.54,68475.7,68346.54,68409.99,382.56805
2024-10-19 09:00:00,68410.0,68436.44,68352.0,68352.0,271.85228
2024-10-19 10:00:00,68352.0,68380.0,68242.0,68244.0,371.42915
2024-10-19 11:00:00,68244.01,68297.28,68090.3,68090.3,629.51337
2024-10-19 12:00:00,68090.3,68268.32,68088.0,68222.0,260.37486
2024-10-19 13:00:00,68222.0,68222.01,68114.69,68114.7,265.42369
2024-10-19 14:00:00,68114.71,68350.0,68114.7,68300.01,401.4107
2024-10-19 15:00:00,68300.0,68338.0,68159.9,68226.93,419.69957
2024-10-19 16:00:00,68226.94,68227.54,68041.02,68042.0,365.8562
2024-10-19 17:00:00,68042.0,68142.8,68010.0,68121.99,207.0333
2024-10-19 18:00:00,68121.99,68190.06,68094.4,68179.99,187.56654
2024-10-19 19:00:00,68179.99,68242.43,68154.31,68181.98,259.13892
2024-10-19 20:00:00,68181.98,68277.96,68168.45,68245.18,518.33656
2024-10-19 21:00:00,68245.18,68345.41,68222.43,68222.43,423.73528
2024-10-19 22:00:00,68222.43,68410.0,68203.18,68330.0,345.97
2024-10-19 23:00:00,68330.0,68413.96,68304.0,68378.0,393.34948
2024-10-20 00:00:00,68377.99,68446.0,68231.23,68231.24,440.41304
2024-10-20 01:00:00,68231.24,68253.3,68155.0,68158.0,217.11239
2024-10-20 02:00:00,68158.0,68220.0,68114.43,68177.01,217.83232
2024-10-20 03:00:00,68177.01,68198.0,68100.0,68188.0,179.36249
2024-10-20 04:00:00,68188.01,68316.0,68184.96,68235.99,181.24513
2024-10-20 05:00:00,68236.0,68291.67,68180.99,68214.0,232.81996
2024-10-20 06:00:00,68213.99,68410.0,68176.26,68400.01,446.43758
2024-10-20 07:00:00,68400.01,68433.5,68364.1,68378.0,580.54038
2024-10-20 08:00:00,68378.01,68500.0,68355.01,68394.0,454.72661
2024-10-20 09:00:00,68393.99,68445.99,68355.0,68434.2,239.27437
2024-10-20 10:00:00,68434.2,68458.3,68376.04,68376.05,241.82127
2024-10-20 11:00:00,68376.05,68443.4,68374.01,68420.01,194.59843
2024-10-20 12:00:00,68420.01,68438.69,68259.9,68268.36,372.43389
2024-10-20 13:00:00,68268.37,68486.0,68198.22,68451.85,663.03298
2024-10-20 14:00:00,68451.85,68772.7,68451.84,68637.99,1336.44277
2024-10-20 15:00:00,68638.0,68687.99,68366.0,68625.99,653.09373
2024-10-20 16:00:00,68625.99,68660.0,68505.46,68505.47,342.64364
2024-10-20 17:00:00,68505.47,68608.0,68422.0,68562.0,319.60725
2024-10-20 18:00:00,68562.01,68653.5,68562.0,68604.0,218.85961
2024-10-20 19:00:00,68604.01,68604.01,68557.6,68557.6,39.70947
